{
  "ASCII Anti Aliased": true,
  "Ambiguous Double Width": false,
  "Ansi 0 Color": {
    "Blue Component": 0.25882352941176473,
    "Color Space": "sRGB",
    "Green Component": 0.21176470588235294,
    "Red Component": 0.027450980392156866
  },
  "Ansi 1 Color": {
    "Blue Component": 0.1843137254901961,
    "Color Space": "sRGB",
    "Green Component": 0.19607843137254902,
    "Red Component": 0.8627450980392157
  },
  "Ansi 10 Color": {
    "Blue Component": 0.4588235294117647,
    "Color Space": "sRGB",
    "Green Component": 0.43137254901960786,
    "Red Component": 0.34509803921568627
  },
  "Ansi 11 Color": {
    "Blue Component": 0.5137254901960784,
    "Color Space": "sRGB",
    "Green Component": 0.4823529411764706,
    "Red Component": 0.396078431372549
  },
  "Ansi 12 Color": {
    "Blue Component": 0.5882352941176471,
    "Color Space": "sRGB",
    "Green Component": 0.5803921568627451,
    "Red Component": 0.5137254901960784
  },
  "Ansi 13 Color": {
    "Blue Component": 0.7686274509803922,
    "Color Space": "sRGB",
    "Green Component": 0.44313725490196076,
    "Red Component": 0.4235294117647059
  },
  "Ansi 14 Color": {
    "Blue Component": 0.6313725490196078,
    "Color Space": "sRGB",
    "Green Component": 0.6313725490196078,
    "Red Component": 0.5764705882352941
  },
  "Ansi 15 Color": {
    "Blue Component": 0.8901960784313725,
    "Color Space": "sRGB",
    "Green Component": 0.9647058823529412,
    "Red Component": 0.9921568627450981
  },
  "Ansi 2 Color": {
    "Alpha Component": 1,
    "Blue Component": 0.00392156862745098,
    "Color Space": "sRGB",
    "Green Component": 0.6,
    "Red Component": 0.10196078431372549
  },
  "Ansi 3 Color": {
    "Blue Component": 0,
    "Color Space": "sRGB",
    "Green Component": 0.5372549019607843,
    "Red Component": 0.7098039215686275
  },
  "Ansi 4 Color": {
    "Blue Component": 0.8235294117647058,
    "Color Space": "sRGB",
    "Green Component": 0.5450980392156862,
    "Red Component": 0.14901960784313725
  },
  "Ansi 5 Color": {
    "Blue Component": 0.5098039215686274,
    "Color Space": "sRGB",
    "Green Component": 0.21176470588235294,
    "Red Component": 0.8274509803921568
  },
  "Ansi 6 Color": {
    "Blue Component": 0.596078431372549,
    "Color Space": "sRGB",
    "Green Component": 0.6313725490196078,
    "Red Component": 0.16470588235294117
  },
  "Ansi 7 Color": {
    "Blue Component": 0.8352941176470589,
    "Color Space": "sRGB",
    "Green Component": 0.9098039215686274,
    "Red Component": 0.9333333333333333
  },
  "Ansi 8 Color": {
    "Blue Component": 0.21176470588235294,
    "Color Space": "sRGB",
    "Green Component": 0.16862745098039217,
    "Red Component": 0
  },
  "Ansi 9 Color": {
    "Blue Component": 0.08627450980392158,
    "Color Space": "sRGB",
    "Green Component": 0.29411764705882354,
    "Red Component": 0.796078431372549
  },
  "BM Growl": true,
  "Background Color": {
    "Blue Component": 0.21176470588235294,
    "Color Space": "sRGB",
    "Green Component": 0.16862745098039217,
    "Red Component": 0
  },
  "Background Image Location": "",
  "Badge Color": {
    "Alpha Component": 0.5,
    "Blue Component": 0,
    "Color Space": "sRGB",
    "Green Component": 0.1491314172744751,
    "Red Component": 1
  },
  "Blinking Cursor": false,
  "Blur": false,
  "Bold Color": {
    "Blue Component": 0.6313725490196078,
    "Color Space": "sRGB",
    "Green Component": 0.6313725490196078,
    "Red Component": 0.5764705882352941
  },
  "Character Encoding": 4,
  "Close Sessions On End": true,
  "Columns": 80,
  "Command": "",
  "Cursor Color": {
    "Blue Component": 0.5882352941176471,
    "Color Space": "sRGB",
    "Green Component": 0.5803921568627451,
    "Red Component": 0.5137254901960784
  },
  "Cursor Guide Color": {
    "Alpha Component": 0.25,
    "Blue Component": 1,
    "Color Space": "sRGB",
    "Green Component": 0.9268307089805603,
    "Red Component": 0.7021318674087524
  },
  "Cursor Text Color": {
    "Blue Component": 0.25882352941176473,
    "Color Space": "sRGB",
    "Green Component": 0.21176470588235294,
    "Red Component": 0.027450980392156866
  },
  "Custom Command": "No",
  "Custom Directory": "No",
  "Default Bookmark": "No",
  "Description": "zaydowicz",
  "Disable Window Resizing": true,
  "Flashing Bell": false,
  "Foreground Color": {
    "Blue Component": 0.5882352941176471,
    "Color Space": "sRGB",
    "Green Component": 0.5803921568627451,
    "Red Component": 0.5137254901960784
  },
  "Guid": "F7563364-75AE-4D3E-95AA-E906E2EFC15B",
  "Horizontal Spacing": 1,
  "Idle Code": 0,
  "Jobs to Ignore": [
    "rlogin",
    "ssh",
    "slogin",
    "telnet"
  ],
  "Keyboard Map": {
    "0x2a-0x200000": {
      "Action": 12,
      "Text": "*"
    },
    "0x2b-0x200000": {
      "Action": 12,
      "Text": "+"
    },
    "0x2d-0x200000": {
      "Action": 12,
      "Text": "-"
    },
    "0x2d-0x40000": {
      "Action": 11,
      "Text": "0x1f"
    },
    "0x2e-0x200000": {
      "Action": 12,
      "Text": "."
    },
    "0x2f-0x200000": {
      "Action": 12,
      "Text": "/"
    },
    "0x3-0x200000": {
      "Action": 11,
      "Text": "0xd"
    },
    "0x30-0x200000": {
      "Action": 12,
      "Text": "0"
    },
    "0x31-0x200000": {
      "Action": 12,
      "Text": "1"
    },
    "0x32-0x200000": {
      "Action": 12,
      "Text": "2"
    },
    "0x32-0x40000": {
      "Action": 11,
      "Text": "0x00"
    },
    "0x33-0x200000": {
      "Action": 12,
      "Text": "3"
    },
    "0x33-0x40000": {
      "Action": 11,
      "Text": "0x1b"
    },
    "0x34-0x200000": {
      "Action": 12,
      "Text": "4"
    },
    "0x34-0x40000": {
      "Action": 11,
      "Text": "0x1c"
    },
    "0x35-0x200000": {
      "Action": 12,
      "Text": "5"
    },
    "0x35-0x40000": {
      "Action": 11,
      "Text": "0x1d"
    },
    "0x36-0x200000": {
      "Action": 12,
      "Text": "6"
    },
    "0x36-0x40000": {
      "Action": 11,
      "Text": "0x1e"
    },
    "0x37-0x200000": {
      "Action": 12,
      "Text": "7"
    },
    "0x37-0x40000": {
      "Action": 11,
      "Text": "0x1f"
    },
    "0x38-0x200000": {
      "Action": 12,
      "Text": "8"
    },
    "0x38-0x40000": {
      "Action": 11,
      "Text": "0x7f"
    },
    "0x39-0x200000": {
      "Action": 12,
      "Text": "9"
    },
    "0x7f-0x100000": {
      "Action": 11,
      "Text": "0x15"
    },
    "0x7f-0x80000": {
      "Action": 11,
      "Text": "0x1b 0x7f"
    },
    "0xf700-0x220000": {
      "Action": 10,
      "Text": "[1;2A"
    },
    "0xf700-0x240000": {
      "Action": 10,
      "Text": "[1;5A"
    },
    "0xf700-0x260000": {
      "Action": 10,
      "Text": "[1;6A"
    },
    "0xf701-0x220000": {
      "Action": 10,
      "Text": "[1;2B"
    },
    "0xf701-0x240000": {
      "Action": 10,
      "Text": "[1;5B"
    },
    "0xf701-0x260000": {
      "Action": 10,
      "Text": "[1;6B"
    },
    "0xf702-0x220000": {
      "Action": 10,
      "Text": "[1;2D"
    },
    "0xf702-0x240000": {
      "Action": 10,
      "Text": "[1;5D"
    },
    "0xf702-0x260000": {
      "Action": 10,
      "Text": "[1;6D"
    },
    "0xf702-0x280000": {
      "Action": 10,
      "Text": "b"
    },
    "0xf702-0x300000": {
      "Action": 11,
      "Text": "0x1"
    },
    "0xf703-0x220000": {
      "Action": 10,
      "Text": "[1;2C"
    },
    "0xf703-0x240000": {
      "Action": 10,
      "Text": "[1;5C"
    },
    "0xf703-0x260000": {
      "Action": 10,
      "Text": "[1;6C"
    },
    "0xf703-0x280000": {
      "Action": 10,
      "Text": "f"
    },
    "0xf703-0x300000": {
      "Action": 11,
      "Text": "0x5"
    },
    "0xf704-0x20000": {
      "Action": 10,
      "Text": "[1;2P"
    },
    "0xf705-0x20000": {
      "Action": 10,
      "Text": "[1;2Q"
    },
    "0xf706-0x20000": {
      "Action": 10,
      "Text": "[1;2R"
    },
    "0xf707-0x20000": {
      "Action": 10,
      "Text": "[1;2S"
    },